{
  "0.2": {
    "redv2": {
      "contor": {
        "Iubire": 65,
        "Optimism": 100,
        "Dispret": 58,
        "Teama": 41,
        "Dezamagire": 46,
        "Disperare": 59,
        "Speranta": 79,
        "Remuscare": 56,
        "Invidie": 49,
        "Anxietate": 78,
        "Pesimism": 94,
        "Agresivitate": 85,
        "Rusine": 28,
        "Pudoare": 37,
        "Cinism": 55,
        "Sentimentalism": 14,
        "Dominanta": 8,
        "Supunere": 9,
        "Incantare": 23,
        "Indignare": 16,
        "Curiozitate": 5,
        "Morbiditate": 3
      },
      "scoruri_medii": {
        "Iubire": 0.5559521930426432,
        "Supunere": 0.35045369291274,
        "Teama": 0.47937879327853383,
        "Dezamagire": 0.46178768286022576,
        "Remuscare": 0.47243964316213916,
        "Dispret": 0.5641014784517383,
        "Agresivitate": 0.5019134904084142,
        "Optimism": 0.5964108479419872,
        "Vinovatie": 0.0,
        "Curiozitate": 0.34661454131702585,
        "Disperare": 0.4762930463491926,
        "Rusine": 0.4076451468361276,
        "Invidie": 0.4434616604913622,
        "Cinism": 0.38502886002885994,
        "Mandrie": 0.0,
        "Speranta": 0.46529748268159005,
        "Incantare": 0.5495783266489921,
        "Sentimentalism": 0.3729717096115321,
        "Pudoare": 0.4667143045696948,
        "Indignare": 0.4152722681034357,
        "Pesimism": 0.499717142242447,
        "Morbiditate": 0.4865265505181419,
        "Dominanta": 0.34344562312174176,
        "Anxietate": 0.5257866923691151
      },
      "total": 818
    },
    "multi_aspect": {
      "contor": {
        "Remuscare": 4,
        "Optimism": 7,
        "Vinovatie": 2,
        "Disperare": 1,
        "Cinism": 4,
        "Pudoare": 1,
        "Pesimism": 8,
        "Morbiditate": 2,
        "Anxietate": 3,
        "Speranta": 7,
        "Sentimentalism": 4,
        "Iubire": 2,
        "Incantare": 2,
        "Invidie": 1,
        "Dezamagire": 1
      },
      "scoruri_medii": {
        "Iubire": 0.340097945751704,
        "Supunere": 0.0,
        "Teama": 0.0,
        "Dezamagire": 0.32638713851189,
        "Remuscare": 0.39221925679804703,
        "Dispret": 0.0,
        "Agresivitate": 0.0,
        "Optimism": 0.35766915067047894,
        "Vinovatie": 0.3705004061780576,
        "Curiozitate": 0.0,
        "Disperare": 0.338264494350082,
        "Rusine": 0.0,
        "Invidie": 0.2877920094044193,
        "Cinism": 0.2795886496544391,
        "Mandrie": 0.0,
        "Speranta": 0.39703375507671346,
        "Incantare": 0.281636697673597,
        "Sentimentalism": 0.3130248098427223,
        "Pudoare": 0.21903026979416607,
        "Indignare": 0.0,
        "Pesimism": 0.40511565734626986,
        "Morbiditate": 0.29846508040893494,
        "Dominanta": 0.0,
        "Anxietate": 0.3841403451872369
      },
      "total": 30
    }
  },
  "0.3": {
    "redv2": {
      "contor": {
        "Optimism": 77,
        "Teama": 25,
        "Dezamagire": 20,
        "Disperare": 31,
        "Invidie": 22,
        "Anxietate": 51,
        "Pesimism": 53,
        "Agresivitate": 52,
        "Iubire": 36,
        "Speranta": 43,
        "Sentimentalism": 2,
        "Remuscare": 28,
        "Rusine": 14,
        "Incantare": 11,
        "Cinism": 27,
        "Dispret": 36,
        "Pudoare": 18,
        "Indignare": 7,
        "Dominanta": 2,
        "Supunere": 2,
        "Morbiditate": 2
      },
      "scoruri_medii": {
        "Iubire": 0.6124798642864985,
        "Supunere": 0.4667367354035378,
        "Teama": 0.5213616150322412,
        "Dezamagire": 0.5447680588761966,
        "Remuscare": 0.5715979989787661,
        "Dispret": 0.6577389440050833,
        "Agresivitate": 0.5746812320620696,
        "Optimism": 0.6475886807944132,
        "Vinovatie": 0.0,
        "Curiozitate": 0.0,
        "Disperare": 0.5403779588576685,
        "Rusine": 0.4518861012870357,
        "Invidie": 0.5066287343197571,
        "Cinism": 0.44753086419753096,
        "Mandrie": 0.0,
        "Speranta": 0.5328036200172371,
        "Incantare": 0.6522025853847012,
        "Sentimentalism": 0.5030594078557832,
        "Pudoare": 0.5641034053983511,
        "Indignare": 0.4545635532410372,
        "Pesimism": 0.5915486785228096,
        "Morbiditate": 0.49171261737744015,
        "Dominanta": 0.35049392176998984,
        "Anxietate": 0.5819157162436698
      },
      "total": 818
    },
    "multi_aspect": {
      "contor": {
        "Optimism": 3,
        "Pesimism": 4,
        "Anxietate": 1,
        "Vinovatie": 1,
        "Cinism": 1,
        "Speranta": 2
      },
      "scoruri_medii": {
        "Iubire": 0.0,
        "Supunere": 0.0,
        "Teama": 0.0,
        "Dezamagire": 0.0,
        "Remuscare": 0.0,
        "Dispret": 0.0,
        "Agresivitate": 0.0,
        "Optimism": 0.4236153244148793,
        "Vinovatie": 0.43056342652998864,
        "Curiozitate": 0.0,
        "Disperare": 0.0,
        "Rusine": 0.0,
        "Invidie": 0.0,
        "Cinism": 0.3333333333333333,
        "Mandrie": 0.0,
        "Speranta": 0.5675810854882002,
        "Incantare": 0.0,
        "Sentimentalism": 0.0,
        "Pudoare": 0.0,
        "Indignare": 0.0,
        "Pesimism": 0.5071401071277533,
        "Morbiditate": 0.0,
        "Dominanta": 0.0,
        "Anxietate": 0.5338491805829108
      },
      "total": 30
    }
  },
  "0.4": {
    "redv2": {
      "contor": {
        "Dezamagire": 6,
        "Anxietate": 26,
        "Pesimism": 27,
        "Iubire": 23,
        "Optimism": 48,
        "Speranta": 17,
        "Teama": 10,
        "Agresivitate": 25,
        "Invidie": 9,
        "Incantare": 9,
        "Disperare": 16,
        "Dispret": 24,
        "Pudoare": 9,
        "Remuscare": 14,
        "Cinism": 9,
        "Rusine": 3,
        "Indignare": 1,
        "Supunere": 1
      },
      "scoruri_medii": {
        "Iubire": 0.6442898693148064,
        "Supunere": 0.5402674064040184,
        "Teama": 0.58337965698895,
        "Dezamagire": 0.6003321816523871,
        "Remuscare": 0.6432974180989338,
        "Dispret": 0.7441888257861137,
        "Agresivitate": 0.6854365187849318,
        "Optimism": 0.7099127519813676,
        "Vinovatie": 0.0,
        "Curiozitate": 0.0,
        "Disperare": 0.5789654851755636,
        "Rusine": 0.5989396966165966,
        "Invidie": 0.5473813297130444,
        "Cinism": 0.5555555555555556,
        "Mandrie": 0.0,
        "Speranta": 0.6268205086251044,
        "Incantare": 0.6691894379478912,
        "Sentimentalism": 0.0,
        "Pudoare": 0.6695152129288073,
        "Indignare": 0.5640641003847122,
        "Pesimism": 0.6789210336828325,
        "Morbiditate": 0.0,
        "Dominanta": 0.0,
        "Anxietate": 0.6829361464563527
      },
      "total": 818
    },
    "multi_aspect": {
      "contor": {
        "Pesimism": 1,
        "Anxietate": 1
      },
      "scoruri_medii": {
        "Iubire": 0.0,
        "Supunere": 0.0,
        "Teama": 0.0,
        "Dezamagire": 0.0,
        "Remuscare": 0.0,
        "Dispret": 0.0,
        "Agresivitate": 0.0,
        "Optimism": 0.0,
        "Vinovatie": 0.0,
        "Curiozitate": 0.0,
        "Disperare": 0.0,
        "Rusine": 0.0,
        "Invidie": 0.0,
        "Cinism": 0.0,
        "Mandrie": 0.0,
        "Speranta": 0.0,
        "Incantare": 0.0,
        "Sentimentalism": 0.0,
        "Pudoare": 0.0,
        "Indignare": 0.0,
        "Pesimism": 0.6093132357705723,
        "Morbiditate": 0.0,
        "Dominanta": 0.0,
        "Anxietate": 0.5338491805829108
      },
      "total": 30
    }
  },
  "0.5": {
    "redv2": {
      "contor": {
        "Dezamagire": 2,
        "Pesimism": 13,
        "Iubire": 15,
        "Optimism": 25,
        "Speranta": 6,
        "Agresivitate": 13,
        "Invidie": 4,
        "Incantare": 7,
        "Disperare": 6,
        "Dispret": 16,
        "Remuscare": 2,
        "Anxietate": 9,
        "Pudoare": 3,
        "Teama": 3,