{
  "0.2": {
    "contor": {
      "Iubire": 64,
      "Optimism": 100,
      "Dispret": 56,
      "Teama": 42,
      "Dezamagire": 46,
      "Disperare": 61,
      "Speranta": 81,
      "Remuscare": 53,
      "Invidie": 50,
      "Anxietate": 75,
      "Pesimism": 97,
      "Agresivitate": 87,
      "Rusine": 24,
      "Pudoare": 37,
      "Cinism": 56,
      "Sentimentalism": 14,
      "Dominanta": 8,
      "Supunere": 9,
      "Incantare": 23,
      "Indignare": 16,
      "Curiozitate": 5,
      "Morbiditate": 3
    },
    "scoruri_medii": {
      "Iubire": 0.558660532926017,
      "Supunere": 0.35045369291274,
      "Teama": 0.4779691415021614,
      "Dezamagire": 0.461570291555878,
      "Remuscare": 0.4776587349589552,
      "Dispret": 0.5894281521176837,
      "Agresivitate": 0.5169052942093109,
      "Optimism": 0.6006915389149199,
      "Vinovatie": 0.0,
      "Curiozitate": 0.34661454131702585,
      "Disperare": 0.4712038468047944,
      "Rusine": 0.4222072093271547,
      "Invidie": 0.44325056277209457,
      "Cinism": 0.38777636054421766,
      "Mandrie": 0.0,
      "Speranta": 0.4775194504050684,
      "Incantare": 0.5452305005620356,
      "Sentimentalism": 0.37332885246867503,
      "Pudoare": 0.4618465421927661,
      "Indignare": 0.4132410181034356,
      "Pesimism": 0.5005291350954039,
      "Morbiditate": 0.4865265505181419,
      "Dominanta": 0.3443831231217418,
      "Anxietate": 0.5239770246469785
    },
    "total": 818
  },
  "0.3": {
    "contor": {
      "Optimism": 79,
      "Teama": 25,
      "Dezamagire": 20,
      "Disperare": 32,
      "Invidie": 22,
      "Anxietate": 50,
      "Pesimism": 57,
      "Agresivitate": 61,
      "Dispret": 37,
      "Cinism": 28,
      "Pudoare": 16,
      "Iubire": 36,
      "Speranta": 50,
      "Sentimentalism": 2,
      "Remuscare": 26,
      "Rusine": 12,
      "Incantare": 11,
      "Indignare": 7,
      "Dominanta": 2,
      "Supunere": 2,
      "Morbiditate": 2
    },
    "scoruri_medii": {
      "Iubire": 0.6120935106709784,
      "Supunere": 0.4667367354035378,
      "Teama": 0.5193616150322413,
      "Dezamagire": 0.5431430588761966,
      "Remuscare": 0.5716418724378328,
      "Dispret": 0.6663122261823476,
      "Agresivitate": 0.5696719960308839,
      "Optimism": 0.6458828032516755,
      "Vinovatie": 0.0,
      "Curiozitate": 0.0,
      "Disperare": 0.5353763993710016,
      "Rusine": 0.4741209177176158,
      "Invidie": 0.5031691383601611,
      "Cinism": 0.4468253968253969,
      "Mandrie": 0.0,
      "Speranta": 0.5255216609144495,
      "Incantare": 0.6431116762937921,
      "Sentimentalism": 0.5030594078557832,
      "Pudoare": 0.5736556253706416,
      "Indignare": 0.45646831514579905,
      "Pesimism": 0.5845072972272932,
      "Morbiditate": 0.49171261737744015,
      "Dominanta": 0.35299392176998984,
      "Anxietate": 0.5816856512263655
    },
    "total": 818
  },
  "0.4": {
    "contor": {
      "Dezamagire": 6,
      "Anxietate": 25,
      "Pesimism": 30,
      "Iubire": 23,
      "Optimism": 53,
      "Speranta": 22,
      "Teama": 10,
      "Agresivitate": 25,
      "Invidie": 10,
      "Incantare": 9,
      "Disperare": 16,
      "Dispret": 26,
      "Pudoare": 9,
      "Remuscare": 13,
      "Cinism": 12,
      "Rusine": 4,
      "Indignare": 1,
      "Supunere": 1
    },
    "scoruri_medii": {
      "Iubire": 0.6436152661402031,
      "Supunere": 0.5402674064040184,
      "Teama": 0.5800463236556167,
      "Dezamagire": 0.599082181652387,
      "Remuscare": 0.6462928505442835,
      "Dispret": 0.743810941113366,
      "Agresivitate": 0.7139789792980467,
      "Optimism": 0.7060108844694458,
      "Vinovatie": 0.0,
      "Curiozitate": 0.0,
      "Disperare": 0.5794863185088968,
      "Rusine": 0.5739517492552598,
      "Invidie": 0.5449580495887332,
      "Cinism": 0.5416666666666666,
      "Mandrie": 0.0,
      "Speranta": 0.6037505589737349,
      "Incantare": 0.6580783268367801,
      "Sentimentalism": 0.0,
      "Pudoare": 0.6689877361059189,
      "Indignare": 0.5640641003847122,
      "Pesimism": 0.6835476710869892,
      "Morbiditate": 0.0,
      "Dominanta": 0.0,
      "Anxietate": 0.6874184818523272
    },
    "total": 818
  },
  "0.5": {
    "contor": {
      "Dezamagire": 2,
      "Pesimism": 14,
      "Iubire": 15,
      "Optimism": 26,
      "Speranta": 6,
      "Agresivitate": 13,
      "Invidie": 4,
      "Incantare": 6,
      "Disperare": 6,
      "Remuscare": 3,
      "Anxietate": 7,
      "Dispret": 16,
      "Pudoare": 3,
      "Teama": 3,
      "Cinism": 1
    },
    "scoruri_medii": {
      "Iubire": 0.682289864386831,
      "Supunere": 0.0,
      "Teama": 0.6643484503030778,
      "Dezamagire": 0.6786092236638069,
      "Remuscare": 0.7937485162417094,
      "Dispret": 0.8229335473022528,
      "Agresivitate": 0.8047826072126081,
      "Optimism": 0.782942798567779,
      "Vinovatie": 0.0,
      "Curiozitate": 0.0,
      "Disperare": 0.6292595819767678,
      "Rusine": 0.0,
      "Invidie": 0.5807731668982241,
      "Cinism": 1.0,
      "Mandrie": 0.0,
      "Speranta": 0.7061827050551536,
      "Incantare": 0.6863430723547935,
      "Sentimentalism": 0.0,
      "Pudoare": 0.8139093885819118,
      "Indignare": 0.0,
      "Pesimism": 0.7404310458599968,
      "Morbiditate": 0.0,
      "Dominanta": 0.0,
      "Anxietate": 0.8498091744525091
    },
    "total": 818
  }
}